pandal_id,pandal_name,locality,latitude,longitude,source,source_status,police_2024_match,police_2024_name,2026_field_verification,publication_status
SG26-001,Dada Bhai Sporting Club,Deshbandhupara,26.7118,88.4237,Pujo Songi Siliguri Puja Map 2026,Independent 2026 geographic reference,YES,Dada Bhai Sporting Club,REQUIRED,DO NOT PUBLISH AS POLICE-VERIFIED UNTIL APPROVED
SG26-002,Shaktigarh Sarbajanin Durga Utsav,Shaktigarh,26.7025,88.4285,Pujo Songi Siliguri Puja Map 2026,Independent 2026 geographic reference,NO,,REQUIRED,DO NOT PUBLISH AS POLICE-VERIFIED UNTIL APPROVED
SG26-003,Central Colony Durga Puja Committee,Central Colony,26.6828,88.4243,Pujo Songi Siliguri Puja Map 2026,Independent 2026 geographic reference,NO,,REQUIRED,DO NOT PUBLISH AS POLICE-VERIFIED UNTIL APPROVED
SG26-004,Subrata Sangha Durgapuja Committee,Deshbandhupara,26.7065,88.427,Pujo Songi Siliguri Puja Map 2026,Independent 2026 geographic reference,YES,Subrata Sangha Durgapuja Committee,REQUIRED,DO NOT PUBLISH AS POLICE-VERIFIED UNTIL APPROVED
SG26-005,Haiderpara Sporting Club,Haiderpara,26.7285,88.4385,Pujo Songi Siliguri Puja Map 2026,Independent 2026 geographic reference,YES,Haiderpara Sporting Club,REQUIRED,DO NOT PUBLISH AS POLICE-VERIFIED UNTIL APPROVED
SG26-006,Hakimpara Yuvak Sangha,Hakimpara,26.7185,88.4281,Pujo Songi Siliguri Puja Map 2026,Independent 2026 geographic reference,NO,,REQUIRED,DO NOT PUBLISH AS POLICE-VERIFIED UNTIL APPROVED
SG26-007,Maya Devi Club,Matigara,26.718,88.384,Pujo Songi Siliguri Puja Map 2026,Independent 2026 geographic reference,NO,,REQUIRED,DO NOT PUBLISH AS POLICE-VERIFIED UNTIL APPROVED
SG26-008,Jatiya Tarun Sangha,Ashrampara,26.7208,88.4294,Pujo Songi Siliguri Puja Map 2026,Independent 2026 geographic reference,YES,Jatiyo Tarun Sangha,REQUIRED,DO NOT PUBLISH AS POLICE-VERIFIED UNTIL APPROVED
SG26-009,Rabindra Sangha,Hakimpara,26.7162,88.4279,Pujo Songi Siliguri Puja Map 2026,Independent 2026 geographic reference,YES,Rabindra Sangha,REQUIRED,DO NOT PUBLISH AS POLICE-VERIFIED UNTIL APPROVED
SG26-010,Ujjwal Sangha,Shaktigarh,26.7011,88.4312,Pujo Songi Siliguri Puja Map 2026,Independent 2026 geographic reference,YES,Ujjal Sangha,REQUIRED,DO NOT PUBLISH AS POLICE-VERIFIED UNTIL APPROVED
SG26-011,Uttarayon Durga Puja,Uttarayon,26.7255,88.375,Pujo Songi Siliguri Puja Map 2026,Independent 2026 geographic reference,NO,,REQUIRED,DO NOT PUBLISH AS POLICE-VERIFIED UNTIL APPROVED
SG26-012,Babupara Sarbojanin Durga Puja,Babupara,26.715,88.425,Pujo Songi Siliguri Puja Map 2026,Independent 2026 geographic reference,NO,,REQUIRED,DO NOT PUBLISH AS POLICE-VERIFIED UNTIL APPROVED
SG26-013,Jatiya Shakti Sangha & Pathagar,Champasari,26.741,88.4125,Pujo Songi Siliguri Puja Map 2026,Independent 2026 geographic reference,NO,,REQUIRED,DO NOT PUBLISH AS POLICE-VERIFIED UNTIL APPROVED
SG26-014,Swastika Yubak Sangha,Mahananda Para,26.7082,88.4291,Pujo Songi Siliguri Puja Map 2026,Independent 2026 geographic reference,YES,Swastika Yubak Sangha,REQUIRED,DO NOT PUBLISH AS POLICE-VERIFIED UNTIL APPROVED
SG26-015,Babupara YMA Club,Babupara,26.7142,88.4245,Pujo Songi Siliguri Puja Map 2026,Independent 2026 geographic reference,NO,,REQUIRED,DO NOT PUBLISH AS POLICE-VERIFIED UNTIL APPROVED
SG26-016,Baghajatin Park Durgotsab Committee,Subhas Pally,26.7084,88.4319,Pujo Songi Siliguri Puja Map 2026,Independent 2026 geographic reference,NO,,REQUIRED,DO NOT PUBLISH AS POLICE-VERIFIED UNTIL APPROVED
SG26-017,Jewels Athletic Club,Punjabi Para,26.724,88.436,Pujo Songi Siliguri Puja Map 2026,Independent 2026 geographic reference,YES,Jewel Athletic Club,REQUIRED,DO NOT PUBLISH AS POLICE-VERIFIED UNTIL APPROVED
SG26-018,Shiv Mandir Durga Puja Committee,Matigara,26.7225,88.3824,Pujo Songi Siliguri Puja Map 2026,Independent 2026 geographic reference,YES,Shiv Mandir Durga Puja Committee,REQUIRED,DO NOT PUBLISH AS POLICE-VERIFIED UNTIL APPROVED
SG26-019,Surya Nagar Friends Union,Surya Nagar,26.719,88.452,Pujo Songi Siliguri Puja Map 2026,Independent 2026 geographic reference,YES,Suryanagar Friends Union,REQUIRED,DO NOT PUBLISH AS POLICE-VERIFIED UNTIL APPROVED
SG26-020,Tarun Tirtha Club,Bharat Nagar,26.7155,88.448,Pujo Songi Siliguri Puja Map 2026,Independent 2026 geographic reference,YES,Tarun Tirtha,REQUIRED,DO NOT PUBLISH AS POLICE-VERIFIED UNTIL APPROVED
SG26-021,Champasari Milan Sangha,Champasari,26.738,88.411,Pujo Songi Siliguri Puja Map 2026,Independent 2026 geographic reference,NO,,REQUIRED,DO NOT PUBLISH AS POLICE-VERIFIED UNTIL APPROVED
SG26-022,Pradhannagar Durga Puja,Pradhannagar,26.7295,88.4175,Pujo Songi Siliguri Puja Map 2026,Independent 2026 geographic reference,NO,,REQUIRED,DO NOT PUBLISH AS POLICE-VERIFIED UNTIL APPROVED
SG26-023,Sanghashree Club,Subhas Pally,26.7121,88.4255,Pujo Songi Siliguri Puja Map 2026,Independent 2026 geographic reference,YES,Siliguri Sanghashree,REQUIRED,DO NOT PUBLISH AS POLICE-VERIFIED UNTIL APPROVED
SG26-024,Uttar Mallaguri Sarbojanin Durga Puja Committee,Pradhannagar,26.7335,88.414,Pujo Songi Siliguri Puja Map 2026,Independent 2026 geographic reference,YES,Uttar Mallaguri Sarbojanin Durga Puja Committee,REQUIRED,DO NOT PUBLISH AS POLICE-VERIFIED UNTIL APPROVED
SG26-025,Rathkhola Sporting Club,Rathkhola,26.7078,88.4288,Pujo Songi Siliguri Puja Map 2026,Independent 2026 geographic reference,YES,Rathkhola Sporting Club,REQUIRED,DO NOT PUBLISH AS POLICE-VERIFIED UNTIL APPROVED
SG26-026,Bharat Sevashram Sangha,Milanpally,26.7028,88.4196,Pujo Songi Siliguri Puja Map 2026,Independent 2026 geographic reference,YES,Bharat Sevashram Sangha,REQUIRED,DO NOT PUBLISH AS POLICE-VERIFIED UNTIL APPROVED
SG26-027,Fulbari Battala Durga Puja Committee,Fulbari,26.6548,88.4361,Pujo Songi Siliguri Puja Map 2026,Independent 2026 geographic reference,NO,,REQUIRED,DO NOT PUBLISH AS POLICE-VERIFIED UNTIL APPROVED
SG26-028,Mansarovar Club,Sevoke Road,26.7395,88.441,Pujo Songi Siliguri Puja Map 2026,Independent 2026 geographic reference,YES,Manas Rover Club,REQUIRED,DO NOT PUBLISH AS POLICE-VERIFIED UNTIL APPROVED
SG26-029,Milanpally Sarbojanin Durga Puja Committee,Milanpally,26.7018,88.4275,Pujo Songi Siliguri Puja Map 2026,Independent 2026 geographic reference,YES,Milanpally Sarbojanin Durga Puja Committee,REQUIRED,DO NOT PUBLISH AS POLICE-VERIFIED UNTIL APPROVED
SG26-030,Arunoday Sangha,Hakimpara,26.7172,88.4268,Pujo Songi Siliguri Puja Map 2026,Independent 2026 geographic reference,YES,Arunoday Sangha,REQUIRED,DO NOT PUBLISH AS POLICE-VERIFIED UNTIL APPROVED
SG26-031,Mahananda Sporting Club,Mahananda Para,26.7145,88.418,Pujo Songi Siliguri Puja Map 2026,Independent 2026 geographic reference,YES,Mahananda Sporting Club,REQUIRED,DO NOT PUBLISH AS POLICE-VERIFIED UNTIL APPROVED
SG26-032,Mallaguri Athletic Club,Pradhannagar,26.732,88.415,Pujo Songi Siliguri Puja Map 2026,Independent 2026 geographic reference,YES,Mallaguri Athletic Club,REQUIRED,DO NOT PUBLISH AS POLICE-VERIFIED UNTIL APPROVED
SG26-033,Amtala Yuba Samity,Ashrampara,26.7198,88.4285,Pujo Songi Siliguri Puja Map 2026,Independent 2026 geographic reference,YES,Amtala Yuba Samity,REQUIRED,DO NOT PUBLISH AS POLICE-VERIFIED UNTIL APPROVED
SG26-034,Bandhab Sangha,College Para,26.7107,88.4325,Pujo Songi Siliguri Puja Map 2026,Independent 2026 geographic reference,YES,Bandhab Sangha,REQUIRED,DO NOT PUBLISH AS POLICE-VERIFIED UNTIL APPROVED
SG26-035,Deshbandhupara Friends Union,Deshbandhupara,26.7052,88.4313,Pujo Songi Siliguri Puja Map 2026,Independent 2026 geographic reference,NO,,REQUIRED,DO NOT PUBLISH AS POLICE-VERIFIED UNTIL APPROVED
SG26-036,Kabi Sukanta Sisu Uddyan,Deshbandhupara,26.704,88.4325,Pujo Songi Siliguri Puja Map 2026,Independent 2026 geographic reference,YES,Kabi Sukanta Sisu Uddyan (Purbanchal Club),REQUIRED,DO NOT PUBLISH AS POLICE-VERIFIED UNTIL APPROVED
SG26-037,Milanpally Yubak Brinda,Milanpally,26.7005,88.4295,Pujo Songi Siliguri Puja Map 2026,Independent 2026 geographic reference,NO,,REQUIRED,DO NOT PUBLISH AS POLICE-VERIFIED UNTIL APPROVED
SG26-038,Netaji Yuba Sangha,Siliguri Town,26.7192,88.4202,Pujo Songi Siliguri Puja Map 2026,Independent 2026 geographic reference,YES,Netaji Yuba Sangha,REQUIRED,DO NOT PUBLISH AS POLICE-VERIFIED UNTIL APPROVED
SG26-039,Ramkrishna Byam Siksha Samiti,Hakimpara,26.7215,88.426,Pujo Songi Siliguri Puja Map 2026,Independent 2026 geographic reference,YES,Ramkrishna Byam Siksha Sangha,REQUIRED,DO NOT PUBLISH AS POLICE-VERIFIED UNTIL APPROVED
SG26-040,Salugara Durga Puja Committee,Salugara,26.7585,88.4485,Pujo Songi Siliguri Puja Map 2026,Independent 2026 geographic reference,YES,Salugara Durga Puja Committee,REQUIRED,DO NOT PUBLISH AS POLICE-VERIFIED UNTIL APPROVED
SG26-041,Sarada Sevok Sangha,Sevoke Road,26.735,88.438,Pujo Songi Siliguri Puja Map 2026,Independent 2026 geographic reference,YES,Sarada Sevok Sangha,REQUIRED,DO NOT PUBLISH AS POLICE-VERIFIED UNTIL APPROVED
SG26-042,Shreepally Nagarik Committee,Shreepally,26.721,88.446,Pujo Songi Siliguri Puja Map 2026,Independent 2026 geographic reference,YES,Shreepally Nagarik Committee,REQUIRED,DO NOT PUBLISH AS POLICE-VERIFIED UNTIL APPROVED
SG26-043,South Colony Sporting Club,South Colony,26.678,88.431,Pujo Songi Siliguri Puja Map 2026,Independent 2026 geographic reference,YES,South Colony Sporting Club,REQUIRED,DO NOT PUBLISH AS POLICE-VERIFIED UNTIL APPROVED
SG26-044,Surja Sikha Samiti,Haiderpara,26.731,88.442,Pujo Songi Siliguri Puja Map 2026,Independent 2026 geographic reference,NO,,REQUIRED,DO NOT PUBLISH AS POLICE-VERIFIED UNTIL APPROVED
SG26-045,College Para Puja Committee,College Para,26.7112,88.433,Pujo Songi Siliguri Puja Map 2026,Independent 2026 geographic reference,NO,,REQUIRED,DO NOT PUBLISH AS POLICE-VERIFIED UNTIL APPROVED
SG26-046,Janashree Club,Ghogomali,26.7035,88.438,Pujo Songi Siliguri Puja Map 2026,Independent 2026 geographic reference,YES,Janashree Club,REQUIRED,DO NOT PUBLISH AS POLICE-VERIFIED UNTIL APPROVED
SG26-047,Kachari Road Yubak Sangha,Siliguri Town,26.7172,88.4252,Pujo Songi Siliguri Puja Map 2026,Independent 2026 geographic reference,YES,Kachari Road Yubak Sangha,REQUIRED,DO NOT PUBLISH AS POLICE-VERIFIED UNTIL APPROVED
SG26-048,Nava Jagriti Sangha,Siliguri Town,26.7185,88.4218,Pujo Songi Siliguri Puja Map 2026,Independent 2026 geographic reference,YES,Nava Jagriti Sangha,REQUIRED,DO NOT PUBLISH AS POLICE-VERIFIED UNTIL APPROVED
SG26-049,Saktigarh Pathagar,Shaktigarh,26.7015,88.4295,Pujo Songi Siliguri Puja Map 2026,Independent 2026 geographic reference,NO,,REQUIRED,DO NOT PUBLISH AS POLICE-VERIFIED UNTIL APPROVED
SG26-050,Saktisong Club,Shaktigarh,26.703,88.427,Pujo Songi Siliguri Puja Map 2026,Independent 2026 geographic reference,YES,Saktisong Club,REQUIRED,DO NOT PUBLISH AS POLICE-VERIFIED UNTIL APPROVED
SG26-051,Shanti Nagar Sporting Club,Shanti Nagar,26.726,88.451,Pujo Songi Siliguri Puja Map 2026,Independent 2026 geographic reference,YES,Shanti Nagar Sporting Club,REQUIRED,DO NOT PUBLISH AS POLICE-VERIFIED UNTIL APPROVED
SG26-052,Sukanta Sporting Union Club,Siliguri Town,26.7095,88.4215,Pujo Songi Siliguri Puja Map 2026,Independent 2026 geographic reference,YES,Sukanta Sporting Union Club,REQUIRED,DO NOT PUBLISH AS POLICE-VERIFIED UNTIL APPROVED
SG26-053,Udayan Samiti,Hakimpara,26.719,88.431,Pujo Songi Siliguri Puja Map 2026,Independent 2026 geographic reference,NO,,REQUIRED,DO NOT PUBLISH AS POLICE-VERIFIED UNTIL APPROVED
SG26-054,Agragami Sangha,Siliguri Town,26.7152,88.4208,Pujo Songi Siliguri Puja Map 2026,Independent 2026 geographic reference,YES,Agragami Sangha,REQUIRED,DO NOT PUBLISH AS POLICE-VERIFIED UNTIL APPROVED
SG26-055,Agrani Sangha,Siliguri Town,26.7178,88.4232,Pujo Songi Siliguri Puja Map 2026,Independent 2026 geographic reference,YES,Agrani Sangha,REQUIRED,DO NOT PUBLISH AS POLICE-VERIFIED UNTIL APPROVED
SG26-056,Balaka Club,Siliguri Town,26.7182,88.4225,Pujo Songi Siliguri Puja Map 2026,Independent 2026 geographic reference,YES,Balaka Club,REQUIRED,DO NOT PUBLISH AS POLICE-VERIFIED UNTIL APPROVED
SG26-057,Desh Bandhu Sporting Union,Deshbandhupara,26.706,88.429,Pujo Songi Siliguri Puja Map 2026,Independent 2026 geographic reference,YES,Deshbandhu Sporting Union,REQUIRED,DO NOT PUBLISH AS POLICE-VERIFIED UNTIL APPROVED
SG26-058,Himachal Sangha,Siliguri Town,26.72,88.421,Pujo Songi Siliguri Puja Map 2026,Independent 2026 geographic reference,YES,Himachal Sangha,REQUIRED,DO NOT PUBLISH AS POLICE-VERIFIED UNTIL APPROVED
SG26-059,Jagriti Sangha,Siliguri Town,26.7165,88.424,Pujo Songi Siliguri Puja Map 2026,Independent 2026 geographic reference,YES,Jagriti Sangha,REQUIRED,DO NOT PUBLISH AS POLICE-VERIFIED UNTIL APPROVED
SG26-060,Nabankur Sangha,Pradhannagar,26.728,88.419,Pujo Songi Siliguri Puja Map 2026,Independent 2026 geographic reference,YES,Nabankur Sangha,REQUIRED,DO NOT PUBLISH AS POLICE-VERIFIED UNTIL APPROVED
SG26-061,Renaissance Club,Siliguri Town,26.7152,88.4248,Pujo Songi Siliguri Puja Map 2026,Independent 2026 geographic reference,YES,Renaissance Club,REQUIRED,DO NOT PUBLISH AS POLICE-VERIFIED UNTIL APPROVED
SG26-062,Shilpanchal Durga Puja Committee,Dabgram,26.718,88.455,Pujo Songi Siliguri Puja Map 2026,Independent 2026 geographic reference,YES,Shilpanchal Durga Puja Committee,REQUIRED,DO NOT PUBLISH AS POLICE-VERIFIED UNTIL APPROVED
SG26-063,Sunrise Club,Babupara,26.7135,88.4238,Pujo Songi Siliguri Puja Map 2026,Independent 2026 geographic reference,YES,Sunrise Club,REQUIRED,DO NOT PUBLISH AS POLICE-VERIFIED UNTIL APPROVED
SG26-064,Winners Club,Babupara,26.7128,88.4252,Pujo Songi Siliguri Puja Map 2026,Independent 2026 geographic reference,YES,Winners Club,REQUIRED,DO NOT PUBLISH AS POLICE-VERIFIED UNTIL APPROVED
SG26-065,Abahani Chakra Sports & Cultural Club,Siliguri Town,26.7165,88.4215,Pujo Songi Siliguri Puja Map 2026,Independent 2026 geographic reference,YES,Abahani Chakra Sports & Cultural Club,REQUIRED,DO NOT PUBLISH AS POLICE-VERIFIED UNTIL APPROVED
SG26-066,Aurobinda Yubak Sangha,Siliguri Town,26.7126,88.4208,Pujo Songi Siliguri Puja Map 2026,Independent 2026 geographic reference,YES,Aurobinda Yubak Sangha,REQUIRED,DO NOT PUBLISH AS POLICE-VERIFIED UNTIL APPROVED
SG26-067,Ganesh Ghosh Colony,Champasari,26.7435,88.414,Pujo Songi Siliguri Puja Map 2026,Independent 2026 geographic reference,NO,,REQUIRED,DO NOT PUBLISH AS POLICE-VERIFIED UNTIL APPROVED
SG26-068,G.T.S. Club,Siliguri Town,26.714,88.4215,Pujo Songi Siliguri Puja Map 2026,Independent 2026 geographic reference,YES,G.T.S. Club,REQUIRED,DO NOT PUBLISH AS POLICE-VERIFIED UNTIL APPROVED
SG26-069,Hotel Mainak,Pradhannagar,26.727,88.4165,Pujo Songi Siliguri Puja Map 2026,Independent 2026 geographic reference,YES,Hotel Mainak,REQUIRED,DO NOT PUBLISH AS POLICE-VERIFIED UNTIL APPROVED
SG26-070,Mitra Samilani,Siliguri Town,26.7168,88.4208,Pujo Songi Siliguri Puja Map 2026,Independent 2026 geographic reference,YES,Mitra Samilani,REQUIRED,DO NOT PUBLISH AS POLICE-VERIFIED UNTIL APPROVED
SG26-071,Sabyasachi Sangha,Siliguri Town,26.7162,88.4212,Pujo Songi Siliguri Puja Map 2026,Independent 2026 geographic reference,YES,Sabyasachi Sangha,REQUIRED,DO NOT PUBLISH AS POLICE-VERIFIED UNTIL APPROVED
SG26-072,Siliguri Jatiyo Yubak Sangha,Siliguri Town,26.7178,88.4198,Pujo Songi Siliguri Puja Map 2026,Independent 2026 geographic reference,YES,Siliguri Jatiyo Yubak Sangha,REQUIRED,DO NOT PUBLISH AS POLICE-VERIFIED UNTIL APPROVED
SG26-073,S.N.N.A.Y. Sangha,Siliguri Town,26.7188,88.4232,Pujo Songi Siliguri Puja Map 2026,Independent 2026 geographic reference,YES,S.N.N.A.Y. Sangha,REQUIRED,DO NOT PUBLISH AS POLICE-VERIFIED UNTIL APPROVED
SG26-074,Surabhi Sangha,Siliguri Town,26.7158,88.42,Pujo Songi Siliguri Puja Map 2026,Independent 2026 geographic reference,YES,Surabhi Sangha,REQUIRED,DO NOT PUBLISH AS POLICE-VERIFIED UNTIL APPROVED
SG26-075,Aurobinda Inter Union,Siliguri Town,26.7132,88.4202,Pujo Songi Siliguri Puja Map 2026,Independent 2026 geographic reference,YES,Aurobinda Inter Union,REQUIRED,DO NOT PUBLISH AS POLICE-VERIFIED UNTIL APPROVED
SG26-076,Central Colony (Rly. Inst.),Central Colony,26.6845,88.426,Pujo Songi Siliguri Puja Map 2026,Independent 2026 geographic reference,YES,Central Colony (Rly. Inst.),REQUIRED,DO NOT PUBLISH AS POLICE-VERIFIED UNTIL APPROVED
SG26-077,Gitalpara Sporting Club,Siliguri Town,26.711,88.419,Pujo Songi Siliguri Puja Map 2026,Independent 2026 geographic reference,YES,Gitalpara Sporting Club,REQUIRED,DO NOT PUBLISH AS POLICE-VERIFIED UNTIL APPROVED
SG26-078,Himalayan Kanya Housing Society,Matigara,26.721,88.379,Pujo Songi Siliguri Puja Map 2026,Independent 2026 geographic reference,YES,Himalayan Kanya Housing Society,REQUIRED,DO NOT PUBLISH AS POLICE-VERIFIED UNTIL APPROVED
SG26-079,Jogajog Sangha,Siliguri Town,26.7155,88.4195,Pujo Songi Siliguri Puja Map 2026,Independent 2026 geographic reference,YES,Jogajog Sangha,REQUIRED,DO NOT PUBLISH AS POLICE-VERIFIED UNTIL APPROVED
SG26-080,Mayer Ichcha Durga Puja Committee,Siliguri Town,26.7138,88.4228,Pujo Songi Siliguri Puja Map 2026,Independent 2026 geographic reference,YES,Mayer Ichcha Durga Puja Committee,REQUIRED,DO NOT PUBLISH AS POLICE-VERIFIED UNTIL APPROVED
SG26-081,Nabin Sangha,Siliguri Town,26.7148,88.4235,Pujo Songi Siliguri Puja Map 2026,Independent 2026 geographic reference,YES,Nabin Sangha,REQUIRED,DO NOT PUBLISH AS POLICE-VERIFIED UNTIL APPROVED
SG26-082,Sanghati Durgotsab Committee,Siliguri Town,26.7145,88.4222,Pujo Songi Siliguri Puja Map 2026,Independent 2026 geographic reference,NO,,REQUIRED,DO NOT PUBLISH AS POLICE-VERIFIED UNTIL APPROVED
SG26-083,Siliguri Kishore Sangha,Siliguri Town,26.7132,88.4218,Pujo Songi Siliguri Puja Map 2026,Independent 2026 geographic reference,YES,Siliguri Kishore Sangha,REQUIRED,DO NOT PUBLISH AS POLICE-VERIFIED UNTIL APPROVED
