police_2024_pandal_name,source
Abahani Chakra Sports & Cultural Club,Official Siliguri Police Durga Puja Guide Map 2024
Agragami Sangha,Official Siliguri Police Durga Puja Guide Map 2024
Agrani Sangha,Official Siliguri Police Durga Puja Guide Map 2024
Amtala Yuba Samity,Official Siliguri Police Durga Puja Guide Map 2024
Arunoday Sangha,Official Siliguri Police Durga Puja Guide Map 2024
Aurobinda Inter Union,Official Siliguri Police Durga Puja Guide Map 2024
Aurobinda Yubak Sangha,Official Siliguri Police Durga Puja Guide Map 2024
Baghajatin Park Durgotsob Committee,Official Siliguri Police Durga Puja Guide Map 2024
Balaka Club,Official Siliguri Police Durga Puja Guide Map 2024
Bandhab Sangha,Official Siliguri Police Durga Puja Guide Map 2024
Bat Tala Puja Committee,Official Siliguri Police Durga Puja Guide Map 2024
Bharat Sevashram Sangha,Official Siliguri Police Durga Puja Guide Map 2024
Central Colony (Rly. Inst.),Official Siliguri Police Durga Puja Guide Map 2024
Desh Bandhu Sporting Union,Official Siliguri Police Durga Puja Guide Map 2024
Dada Bhai Sporting Club,Official Siliguri Police Durga Puja Guide Map 2024
G.T.S. Club,Official Siliguri Police Durga Puja Guide Map 2024
Gitalpara Sporting Club,Official Siliguri Police Durga Puja Guide Map 2024
Haiderpara Sporting Club,Official Siliguri Police Durga Puja Guide Map 2024
Himachal Sangha,Official Siliguri Police Durga Puja Guide Map 2024
Himalayan Kanya Housing Society,Official Siliguri Police Durga Puja Guide Map 2024
Hotel Mainak,Official Siliguri Police Durga Puja Guide Map 2024
Jogajog Sangha,Official Siliguri Police Durga Puja Guide Map 2024
Jagriti Sangha,Official Siliguri Police Durga Puja Guide Map 2024
Janashree Club,Official Siliguri Police Durga Puja Guide Map 2024
Jatiyo Tarun Sangha,Official Siliguri Police Durga Puja Guide Map 2024
Siliguri Jatiyo Yubak Sangha,Official Siliguri Police Durga Puja Guide Map 2024
Uttar Mallaguri Sarbojanin Durga Puja Committee,Official Siliguri Police Durga Puja Guide Map 2024
Jewel Athletic Club,Official Siliguri Police Durga Puja Guide Map 2024
Kabi Sukanta Sisu Uddyan (Purbanchal Club),Official Siliguri Police Durga Puja Guide Map 2024
Kachari Road Yubak Sangha,Official Siliguri Police Durga Puja Guide Map 2024
Siliguri Kishore Sangha,Official Siliguri Police Durga Puja Guide Map 2024
Mahananda Sporting Club,Official Siliguri Police Durga Puja Guide Map 2024
Mallaguri Athletic Club,Official Siliguri Police Durga Puja Guide Map 2024
Manas Rover Club,Official Siliguri Police Durga Puja Guide Map 2024
Mayer Ichcha Durga Puja Committee,Official Siliguri Police Durga Puja Guide Map 2024
Milanpally Sarbojanin Durga Puja Committee,Official Siliguri Police Durga Puja Guide Map 2024
Mitra Samilani,Official Siliguri Police Durga Puja Guide Map 2024
Nabankur Sangha,Official Siliguri Police Durga Puja Guide Map 2024
Nabin Sangha,Official Siliguri Police Durga Puja Guide Map 2024
Nava Jagriti Sangha,Official Siliguri Police Durga Puja Guide Map 2024
Netaji Yuba Sangha,Official Siliguri Police Durga Puja Guide Map 2024
Rabindra Sangha,Official Siliguri Police Durga Puja Guide Map 2024
Ramkrishna Byam Siksha Sangha,Official Siliguri Police Durga Puja Guide Map 2024
Rathkhola Sporting Club,Official Siliguri Police Durga Puja Guide Map 2024
Renaissance Club,Official Siliguri Police Durga Puja Guide Map 2024
S.N.N.A.Y. Sangha,Official Siliguri Police Durga Puja Guide Map 2024
Sabyasachi Sangha,Official Siliguri Police Durga Puja Guide Map 2024
Saktisong Club,Official Siliguri Police Durga Puja Guide Map 2024
Salugara Durga Puja Committee,Official Siliguri Police Durga Puja Guide Map 2024
Siliguri Sanghashree,Official Siliguri Police Durga Puja Guide Map 2024
Sanghati Dorgotsab Committee,Official Siliguri Police Durga Puja Guide Map 2024
Sarada Sevok Sangha,Official Siliguri Police Durga Puja Guide Map 2024
Shaktigarh Pathagar,Official Siliguri Police Durga Puja Guide Map 2024
Shanti Nagar Sporting Club,Official Siliguri Police Durga Puja Guide Map 2024
Shilpanchal Durga Puja Committee,Official Siliguri Police Durga Puja Guide Map 2024
Shiv Mandir Durga Puja Committee,Official Siliguri Police Durga Puja Guide Map 2024
Shreepally Nagarik Committee,Official Siliguri Police Durga Puja Guide Map 2024
South Colony Sporting Club,Official Siliguri Police Durga Puja Guide Map 2024
Subrata Sangha Durgapuja Committee,Official Siliguri Police Durga Puja Guide Map 2024
Sukanta Sporting Union Club,Official Siliguri Police Durga Puja Guide Map 2024
Surabhi Sangha,Official Siliguri Police Durga Puja Guide Map 2024
Suryanagar Durga Puja (Mahila College),Official Siliguri Police Durga Puja Guide Map 2024
Suryanagar Friends Union,Official Siliguri Police Durga Puja Guide Map 2024
Suryanagar Sporting Club,Official Siliguri Police Durga Puja Guide Map 2024
Swastika Yubak Sangha,Official Siliguri Police Durga Puja Guide Map 2024
Tarun Tirtha,Official Siliguri Police Durga Puja Guide Map 2024
Tinbatti More Durga Puja Committee,Official Siliguri Police Durga Puja Guide Map 2024
Ujjal Sangha,Official Siliguri Police Durga Puja Guide Map 2024
Upkar Athletic Club,Official Siliguri Police Durga Puja Guide Map 2024
Vidyasagar Pally Sarbojanin Durgapuja Committee,Official Siliguri Police Durga Puja Guide Map 2024
Vidyasagar Sangha,Official Siliguri Police Durga Puja Guide Map 2024
Vivekananda Sarbojaning Durgotsab,Official Siliguri Police Durga Puja Guide Map 2024
Winners Club,Official Siliguri Police Durga Puja Guide Map 2024
Y.M.A.,Official Siliguri Police Durga Puja Guide Map 2024
Yubak Sangha (Old),Official Siliguri Police Durga Puja Guide Map 2024
Yuba Jyoti Sangha,Official Siliguri Police Durga Puja Guide Map 2024
Kshnik Sangha,Official Siliguri Police Durga Puja Guide Map 2024
Deshbandhu Sporting Union,Official Siliguri Police Durga Puja Guide Map 2024
Sunrise Club,Official Siliguri Police Durga Puja Guide Map 2024
Subhash Sporting Club,Official Siliguri Police Durga Puja Guide Map 2024
Uttoron,Official Siliguri Police Durga Puja Guide Map 2024
Shakti Sangha Club,Official Siliguri Police Durga Puja Guide Map 2024
