pandal_id,pandal_name,locality,latitude,longitude,gps_correct_Y_N,corrected_latitude,corrected_longitude,checker_name,date_checked_YYYY_MM_DD,notes
SG26-001,Dada Bhai Sporting Club,Deshbandhupara,26.7118,88.4237,,,,,,
SG26-002,Shaktigarh Sarbajanin Durga Utsav,Shaktigarh,26.7025,88.4285,,,,,,
SG26-003,Central Colony Durga Puja Committee,Central Colony,26.6828,88.4243,,,,,,
SG26-004,Subrata Sangha Durgapuja Committee,Deshbandhupara,26.7065,88.427,,,,,,
SG26-005,Haiderpara Sporting Club,Haiderpara,26.7285,88.4385,,,,,,
SG26-006,Hakimpara Yuvak Sangha,Hakimpara,26.7185,88.4281,,,,,,
SG26-007,Maya Devi Club,Matigara,26.718,88.384,,,,,,
SG26-008,Jatiya Tarun Sangha,Ashrampara,26.7208,88.4294,,,,,,
SG26-009,Rabindra Sangha,Hakimpara,26.7162,88.4279,,,,,,
SG26-010,Ujjwal Sangha,Shaktigarh,26.7011,88.4312,,,,,,
SG26-011,Uttarayon Durga Puja,Uttarayon,26.7255,88.375,,,,,,
SG26-012,Babupara Sarbojanin Durga Puja,Babupara,26.715,88.425,,,,,,
SG26-013,Jatiya Shakti Sangha & Pathagar,Champasari,26.741,88.4125,,,,,,
SG26-014,Swastika Yubak Sangha,Mahananda Para,26.7082,88.4291,,,,,,
SG26-015,Babupara YMA Club,Babupara,26.7142,88.4245,,,,,,
SG26-016,Baghajatin Park Durgotsab Committee,Subhas Pally,26.7084,88.4319,,,,,,
SG26-017,Jewels Athletic Club,Punjabi Para,26.724,88.436,,,,,,
SG26-018,Shiv Mandir Durga Puja Committee,Matigara,26.7225,88.3824,,,,,,
SG26-019,Surya Nagar Friends Union,Surya Nagar,26.719,88.452,,,,,,
SG26-020,Tarun Tirtha Club,Bharat Nagar,26.7155,88.448,,,,,,
SG26-021,Champasari Milan Sangha,Champasari,26.738,88.411,,,,,,
SG26-022,Pradhannagar Durga Puja,Pradhannagar,26.7295,88.4175,,,,,,
SG26-023,Sanghashree Club,Subhas Pally,26.7121,88.4255,,,,,,
SG26-024,Uttar Mallaguri Sarbojanin Durga Puja Committee,Pradhannagar,26.7335,88.414,,,,,,
SG26-025,Rathkhola Sporting Club,Rathkhola,26.7078,88.4288,,,,,,
SG26-026,Bharat Sevashram Sangha,Milanpally,26.7028,88.4196,,,,,,
SG26-027,Fulbari Battala Durga Puja Committee,Fulbari,26.6548,88.4361,,,,,,
SG26-028,Mansarovar Club,Sevoke Road,26.7395,88.441,,,,,,
SG26-029,Milanpally Sarbojanin Durga Puja Committee,Milanpally,26.7018,88.4275,,,,,,
SG26-030,Arunoday Sangha,Hakimpara,26.7172,88.4268,,,,,,
SG26-031,Mahananda Sporting Club,Mahananda Para,26.7145,88.418,,,,,,
SG26-032,Mallaguri Athletic Club,Pradhannagar,26.732,88.415,,,,,,
SG26-033,Amtala Yuba Samity,Ashrampara,26.7198,88.4285,,,,,,
SG26-034,Bandhab Sangha,College Para,26.7107,88.4325,,,,,,
SG26-035,Deshbandhupara Friends Union,Deshbandhupara,26.7052,88.4313,,,,,,
SG26-036,Kabi Sukanta Sisu Uddyan,Deshbandhupara,26.704,88.4325,,,,,,
SG26-037,Milanpally Yubak Brinda,Milanpally,26.7005,88.4295,,,,,,
SG26-038,Netaji Yuba Sangha,Siliguri Town,26.7192,88.4202,,,,,,
SG26-039,Ramkrishna Byam Siksha Samiti,Hakimpara,26.7215,88.426,,,,,,
SG26-040,Salugara Durga Puja Committee,Salugara,26.7585,88.4485,,,,,,
SG26-041,Sarada Sevok Sangha,Sevoke Road,26.735,88.438,,,,,,
SG26-042,Shreepally Nagarik Committee,Shreepally,26.721,88.446,,,,,,
SG26-043,South Colony Sporting Club,South Colony,26.678,88.431,,,,,,
SG26-044,Surja Sikha Samiti,Haiderpara,26.731,88.442,,,,,,
SG26-045,College Para Puja Committee,College Para,26.7112,88.433,,,,,,
SG26-046,Janashree Club,Ghogomali,26.7035,88.438,,,,,,
SG26-047,Kachari Road Yubak Sangha,Siliguri Town,26.7172,88.4252,,,,,,
SG26-048,Nava Jagriti Sangha,Siliguri Town,26.7185,88.4218,,,,,,
SG26-049,Saktigarh Pathagar,Shaktigarh,26.7015,88.4295,,,,,,
SG26-050,Saktisong Club,Shaktigarh,26.703,88.427,,,,,,
SG26-051,Shanti Nagar Sporting Club,Shanti Nagar,26.726,88.451,,,,,,
SG26-052,Sukanta Sporting Union Club,Siliguri Town,26.7095,88.4215,,,,,,
SG26-053,Udayan Samiti,Hakimpara,26.719,88.431,,,,,,
SG26-054,Agragami Sangha,Siliguri Town,26.7152,88.4208,,,,,,
SG26-055,Agrani Sangha,Siliguri Town,26.7178,88.4232,,,,,,
SG26-056,Balaka Club,Siliguri Town,26.7182,88.4225,,,,,,
SG26-057,Desh Bandhu Sporting Union,Deshbandhupara,26.706,88.429,,,,,,
SG26-058,Himachal Sangha,Siliguri Town,26.72,88.421,,,,,,
SG26-059,Jagriti Sangha,Siliguri Town,26.7165,88.424,,,,,,
SG26-060,Nabankur Sangha,Pradhannagar,26.728,88.419,,,,,,
SG26-061,Renaissance Club,Siliguri Town,26.7152,88.4248,,,,,,
SG26-062,Shilpanchal Durga Puja Committee,Dabgram,26.718,88.455,,,,,,
SG26-063,Sunrise Club,Babupara,26.7135,88.4238,,,,,,
SG26-064,Winners Club,Babupara,26.7128,88.4252,,,,,,
SG26-065,Abahani Chakra Sports & Cultural Club,Siliguri Town,26.7165,88.4215,,,,,,
SG26-066,Aurobinda Yubak Sangha,Siliguri Town,26.7126,88.4208,,,,,,
SG26-067,Ganesh Ghosh Colony,Champasari,26.7435,88.414,,,,,,
SG26-068,G.T.S. Club,Siliguri Town,26.714,88.4215,,,,,,
SG26-069,Hotel Mainak,Pradhannagar,26.727,88.4165,,,,,,
SG26-070,Mitra Samilani,Siliguri Town,26.7168,88.4208,,,,,,
SG26-071,Sabyasachi Sangha,Siliguri Town,26.7162,88.4212,,,,,,
SG26-072,Siliguri Jatiyo Yubak Sangha,Siliguri Town,26.7178,88.4198,,,,,,
SG26-073,S.N.N.A.Y. Sangha,Siliguri Town,26.7188,88.4232,,,,,,
SG26-074,Surabhi Sangha,Siliguri Town,26.7158,88.42,,,,,,
SG26-075,Aurobinda Inter Union,Siliguri Town,26.7132,88.4202,,,,,,
SG26-076,Central Colony (Rly. Inst.),Central Colony,26.6845,88.426,,,,,,
SG26-077,Gitalpara Sporting Club,Siliguri Town,26.711,88.419,,,,,,
SG26-078,Himalayan Kanya Housing Society,Matigara,26.721,88.379,,,,,,
SG26-079,Jogajog Sangha,Siliguri Town,26.7155,88.4195,,,,,,
SG26-080,Mayer Ichcha Durga Puja Committee,Siliguri Town,26.7138,88.4228,,,,,,
SG26-081,Nabin Sangha,Siliguri Town,26.7148,88.4235,,,,,,
SG26-082,Sanghati Durgotsab Committee,Siliguri Town,26.7145,88.4222,,,,,,
SG26-083,Siliguri Kishore Sangha,Siliguri Town,26.7132,88.4218,,,,,,
