parking_id,parking_name,latitude,longitude,served_pandal_ids,walking_distance_m,walking_time_min,walking_route_steps,limitations,checker_name,date_checked_YYYY_MM_DD,notes
,,,,(comma-separated SG26-xxx ids),,,(semicolon-separated steps),,,,
,Drop point for Ashrampara (to fill),,,SG26-008;SG26-033,,,,,,,
,Drop point for Babupara (to fill),,,SG26-012;SG26-015;SG26-063;SG26-064,,,,,,,
,Drop point for Bharat Nagar (to fill),,,SG26-020,,,,,,,
,Drop point for Central Colony (to fill),,,SG26-003;SG26-076,,,,,,,
,Drop point for Champasari (to fill),,,SG26-013;SG26-021;SG26-067,,,,,,,
,Drop point for College Para (to fill),,,SG26-034;SG26-045,,,,,,,
,Drop point for Dabgram (to fill),,,SG26-062,,,,,,,
,Drop point for Deshbandhupara (to fill),,,SG26-001;SG26-004;SG26-035;SG26-036;SG26-057,,,,,,,
,Drop point for Fulbari (to fill),,,SG26-027,,,,,,,
,Drop point for Ghogomali (to fill),,,SG26-046,,,,,,,
,Drop point for Haiderpara (to fill),,,SG26-005;SG26-044,,,,,,,
,Drop point for Hakimpara (to fill),,,SG26-006;SG26-009;SG26-030;SG26-039;SG26-053,,,,,,,
,Drop point for Mahananda Para (to fill),,,SG26-014;SG26-031,,,,,,,
,Drop point for Matigara (to fill),,,SG26-007;SG26-018;SG26-078,,,,,,,
,Drop point for Milanpally (to fill),,,SG26-026;SG26-029;SG26-037,,,,,,,
,Drop point for Pradhannagar (to fill),,,SG26-022;SG26-024;SG26-032;SG26-060;SG26-069,,,,,,,
,Drop point for Punjabi Para (to fill),,,SG26-017,,,,,,,
,Drop point for Rathkhola (to fill),,,SG26-025,,,,,,,
,Drop point for Salugara (to fill),,,SG26-040,,,,,,,
,Drop point for Sevoke Road (to fill),,,SG26-028;SG26-041,,,,,,,
,Drop point for Shaktigarh (to fill),,,SG26-002;SG26-010;SG26-049;SG26-050,,,,,,,
,Drop point for Shanti Nagar (to fill),,,SG26-051,,,,,,,
,Drop point for Shreepally (to fill),,,SG26-042,,,,,,,
,Drop point for Siliguri Town (to fill),,,SG26-038;SG26-047;SG26-048;SG26-052;SG26-054;SG26-055;SG26-056;SG26-058;SG26-059;SG26-061;SG26-065;SG26-066;SG26-068;SG26-070;SG26-071;SG26-072;SG26-073;SG26-074;SG26-075;SG26-077;SG26-079;SG26-080;SG26-081;SG26-082;SG26-083,,,,,,,
,Drop point for South Colony (to fill),,,SG26-043,,,,,,,
,Drop point for Subhas Pally (to fill),,,SG26-016;SG26-023,,,,,,,
,Drop point for Surya Nagar (to fill),,,SG26-019,,,,,,,
,Drop point for Uttarayon (to fill),,,SG26-011,,,,,,,
